Type,Name,Request Count,Failure Count,Median Response Time,Average Response Time,Min Response Time,Max Response Time,Average Content Size,Requests/s,Failures/s,50%,66%,75%,80%,90%,95%,98%,99%,99.9%,99.99%,100%
GET,/classes,246,0,2,5.5868609959664655,0.8639999996375991,79.62095899983979,126.0,4.163296814610967,0.0,2,3,5,8,16,22,29,35,80,80,80
GET,/health,739,0,3,6.058785064968608,0.6934159991942579,151.5405420004754,72.0,12.506814414624001,0.0,3,3,6,10,18,22,27,30,150,150,150
POST,/predict,1363,0,17,15.811586443884242,2.3238750000018626,172.5292499995703,389.0256786500367,23.06737218827133,0.0,17,19,20,21,23,27,33,36,120,170,170
,Aggregated,2348,0,10,11.670784621394281,0.6934159991942579,172.5292499995703,261.68909710391824,39.7374834175063,0.0,10,17,19,20,22,25,31,35,130,170,170
